11122.45,0
11134.7,1595907900
11140.05,1595907900
11140.0,1595907901
11137.95,1595907902
11141.15,1595907903
11141.4,1595907904
11137.0,1595907905
11138.35,1595907906
11136.45,1595907907
11134.5,1595907907
11131.15,1595907908
11131.15,1595907909
11131.5,1595907910
11131.5,1595907911
11132.5,1595907912
11134.1,1595907913
11136.25,1595907914
11135.6,1595907915
11139.75,1595907916
11139.75,1595907917
11141.1,1595907918
11145.0,1595907919
11145.0,1595907920
11145.0,1595907920
11143.2,1595907921
11145.5,1595907922
11148.0,1595907923
11147.95,1595907924
11149.9,1595907925
11151.35,1595907926
11150.35,1595907927
11153.0,1595907928
11152.45,1595907929
11153.95,1595907930
11152.6,1595907931
11154.0,1595907932
11155.0,1595907932
11157.3,1595907933
11155.25,1595907934
11154.6,1595907935
11156.85,1595907936
11155.55,1595907937
11154.8,1595907938
11154.95,1595907939
11155.0,1595907941
11154.65,1595907942
11154.9,1595907943
11151.4,1595907944
11152.4,1595907945
11153.1,1595907945
11152.15,1595907946
11151.55,1595907947
11152.2,1595907948
11151.0,1595907949
11149.75,1595907950
11149.4,1595907951
11148.5,1595907952
11147.45,1595907953
11147.9,1595907955
11147.55,1595907956
11145.5,1595907957
11147.35,1595907957
11145.25,1595907958
11145.3,1595907959
11147.95,1595907960
11147.45,1595907961
11146.0,1595907962
11146.95,1595907963
11145.85,1595907964
11147.0,1595907965
11146.75,1595907967
11148.4,1595907968
11146.8,1595907969
11147.9,1595907970
11147.65,1595907970
11147.65,1595907971
11148.1,1595907972
11150.25,1595907973
11151.7,1595907974
11150.15,1595907975
11149.8,1595907976
11152.35,1595907977
11152.65,1595907978
11151.0,1595907979
11150.8,1595907980
11152.8,1595907981
11151.05,1595907982
11153.95,1595907982
11152.0,1595907983
11154.0,1595907984
11153.15,1595907985
11154.25,1595907986
11154.0,1595907987
11153.0,1595907988
11153.0,1595907989
11154.0,1595907990
11154.0,1595907992
11153.15,1595907993
11154.0,1595907994
11155.0,1595907995
11155.0,1595907996
11154.5,1595907997
11154.95,1595907998
11155.0,1595907999
11156.0,1595908000
11156.65,1595908001
11156.7,1595908002
11157.85,1595908003
11157.2,1595908004
11158.75,1595908005
11156.55,1595908006
11156.05,1595908007
11158.05,1595908007
11159.95,1595908008
11160.5,1595908009
11160.8,1595908010
11159.85,1595908011
11159.25,1595908012
11158.5,1595908013
11160.0,1595908014
11159.3,1595908015
11158.55,1595908016
11158.0,1595908018
11157.95,1595908019
11157.0,1595908020
11154.8,1595908020
11153.65,1595908021
11155.5,1595908022
11155.1,1595908023
11156.0,1595908024
11153.5,1595908025
11153.5,1595908026
11153.8,1595908027
11156.0,1595908028
11156.65,1595908029
11155.55,1595908030
11155.5,1595908031
11155.95,1595908032
11159.2,1595908033
11159.65,1595908033
11158.65,1595908034
11158.5,1595908035
11158.55,1595908037
11159.75,1595908038
11160.0,1595908039
11159.75,1595908040
11159.75,1595908041
11160.0,1595908042
11159.6,1595908043
11157.6,1595908044
11159.65,1595908045
11159.85,1595908045
11159.85,1595908046
11159.75,1595908047
11159.85,1595908048
11158.5,1595908049
11159.0,1595908050
11157.3,1595908051
11156.55,1595908052
11156.4,1595908053
11156.45,1595908054
11155.0,1595908055
11154.0,1595908056
11155.0,1595908057
11154.3,1595908058
11156.0,1595908058
11156.4,1595908059
11156.45,1595908060
11156.0,1595908061
11157.0,1595908062
11156.45,1595908063
11156.9,1595908064
11156.9,1595908065
11157.5,1595908066
11158.05,1595908067
11158.35,1595908068
11159.5,1595908069
11159.8,1595908070
11158.6,1595908070
11160.95,1595908071
11159.85,1595908072
11160.0,1595908073
11160.05,1595908074
11161.5,1595908075
11160.05,1595908076
11160.1,1595908077
11159.85,1595908078
11159.95,1595908079
11159.85,1595908080
11160.0,1595908081
11159.85,1595908082
11160.9,1595908083
11159.85,1595908083
11160.0,1595908084
11160.0,1595908085
11159.0,1595908086
11159.0,1595908087
11159.85,1595908088
11159.85,1595908089
11159.05,1595908090
11159.8,1595908091
11158.0,1595908092
11159.85,1595908093
11158.05,1595908094
11158.0,1595908095
11158.5,1595908095
11158.25,1595908096
11159.0,1595908097
11159.0,1595908098
11159.15,1595908099
11160.2,1595908100
11160.2,1595908101
11162.0,1595908102
11162.5,1595908103
11163.85,1595908104
11163.15,1595908105
11164.95,1595908106
11165.85,1595908107
11165.45,1595908108
11164.15,1595908108
11164.25,1595908109
11165.0,1595908110
11165.5,1595908111
11165.5,1595908112
11165.95,1595908113
11165.95,1595908114
11167.6,1595908115
11166.05,1595908116
11166.9,1595908117
11167.4,1595908118
11165.0,1595908119
11161.95,1595908120
11163.85,1595908121
11163.35,1595908121
11160.35,1595908122
11164.15,1595908123
11163.45,1595908124
11161.6,1595908125
11161.6,1595908126
11161.05,1595908127
11159.5,1595908128
11160.2,1595908129
11161.2,1595908131
11161.2,1595908132
11162.5,1595908133
11161.8,1595908133
11161.9,1595908134
11161.9,1595908135
11162.1,1595908136
11162.1,1595908137
11162.0,1595908138
11161.2,1595908139
11161.95,1595908140
11161.2,1595908141
11162.25,1595908142
11162.35,1595908143
11161.25,1595908145
11160.25,1595908146
11161.25,1595908146
11162.1,1595908147
11161.35,1595908148
11161.35,1595908149
11161.5,1595908150
11161.3,1595908151
11161.3,1595908152
11161.0,1595908153
11161.0,1595908154
11161.15,1595908155
11161.7,1595908156
11161.7,1595908158
11163.0,1595908159
11162.5,1595908160
11162.5,1595908161
11163.35,1595908162
11164.2,1595908163
11164.05,1595908164
11164.5,1595908165
11165.0,1595908166
11162.9,1595908167
11162.9,1595908168
11164.05,1595908169
11165.45,1595908170
11165.45,1595908171
11166.0,1595908171
11165.5,1595908172
11166.0,1595908173
11166.95,1595908174
11166.0,1595908175
11166.2,1595908176
11166.95,1595908177
11166.05,1595908179
11167.4,1595908180
11167.4,1595908181
11167.9,1595908182
11167.4,1595908183
11167.4,1595908183
11167.9,1595908184
11167.9,1595908185
11168.0,1595908186
11168.0,1595908187
11168.0,1595908188
11168.65,1595908189
11167.75,1595908190
11166.75,1595908191
11169.5,1595908192
11168.8,1595908193
11167.05,1595908194
11168.0,1595908195
11167.15,1595908196
11167.0,1595908196
11168.0,1595908197
11168.5,1595908198
11168.0,1595908199
11173.05,1595908200
11170.85,1595908201
11169.65,1595908202
11171.05,1595908204
11172.0,1595908205
11171.5,1595908206
11172.45,1595908207
11172.0,1595908208
11173.0,1595908209
11171.55,1595908209
11172.0,1595908210
11172.25,1595908211
11173.1,1595908212
11174.6,1595908213
11174.35,1595908214
11173.1,1595908215
11173.1,1595908216
11173.1,1595908217
11174.25,1595908218
11174.0,1595908219
11175.0,1595908220
11175.0,1595908221
11174.25,1595908221
11175.4,1595908222
11171.0,1595908223
11168.25,1595908224
11166.2,1595908225
11170.35,1595908226
11169.1,1595908227
11168.05,1595908228
11169.4,1595908229
11169.0,1595908230
11170.85,1595908231
11168.6,1595908232
11170.5,1595908233
11170.5,1595908234
11169.45,1595908235
11169.85,1595908236
11168.9,1595908237
11170.5,1595908238
11169.55,1595908239
11170.0,1595908240
11169.45,1595908241
11169.45,1595908242
11170.0,1595908244
11170.0,1595908245
11170.5,1595908246
11170.5,1595908246
11170.1,1595908247
11172.6,1595908248
11170.85,1595908249
11170.35,1595908250
11171.75,1595908251
11170.4,1595908252
11170.4,1595908253
11171.6,1595908254
11172.3,1595908255
11170.5,1595908256
11170.65,1595908257
11170.6,1595908258
11171.7,1595908259
11172.0,1595908259
11173.55,1595908260
11173.5,1595908261
11174.5,1595908262
11175.5,1595908263
11175.5,1595908264
11175.6,1595908265
11177.75,1595908266
11176.1,1595908267
11176.75,1595908268
11178.75,1595908269
11178.9,1595908270
11178.8,1595908271
11177.5,1595908271
11178.15,1595908272
11177.5,1595908273
11173.95,1595908274
11176.85,1595908275
11175.5,1595908276
11175.9,1595908277
11176.75,1595908278
11176.25,1595908279
11175.5,1595908280
11176.75,1595908281
11176.95,1595908282
11175.65,1595908283
11175.8,1595908284
11175.65,1595908284
11175.65,1595908285
11176.8,1595908286
11177.45,1595908287
11177.0,1595908288
11177.7,1595908289
11177.2,1595908290
11177.0,1595908291
11177.9,1595908292
11177.0,1595908293
11177.0,1595908294
11177.0,1595908295
11177.0,1595908296
11176.65,1595908297
11176.15,1595908297
11176.95,1595908298
11176.35,1595908299
11177.0,1595908300
11177.0,1595908301
11177.0,1595908302
11176.7,1595908303
11175.5,1595908304
11175.75,1595908306
11177.0,1595908307
11176.25,1595908309
11176.0,1595908309
11177.0,1595908310
11177.0,1595908311
11177.0,1595908312
11177.0,1595908313
11177.0,1595908314
11177.2,1595908316
11177.0,1595908317
11178.0,1595908318
11178.6,1595908319
11179.35,1595908320
11179.15,1595908321
11179.15,1595908322
11178.95,1595908322
11179.5,1595908323
11178.6,1595908324
11177.95,1595908325
11176.2,1595908326
11176.15,1595908327
11175.0,1595908328
11175.0,1595908329
11174.55,1595908330
11176.25,1595908331
11175.15,1595908332
11176.7,1595908333
11177.65,1595908334
11175.9,1595908335
11175.9,1595908336
11176.5,1595908337
11175.9,1595908338
11175.9,1595908339
11175.95,1595908340
11176.0,1595908341
11176.25,1595908342
11177.0,1595908343
11177.0,1595908344
11178.0,1595908345
11176.45,1595908346
11175.2,1595908347
11177.0,1595908347
11177.0,1595908348
11176.9,1595908349
11177.15,1595908350
11177.15,1595908351
11177.15,1595908352
11176.25,1595908353
11174.0,1595908354
11175.2,1595908355
11175.2,1595908356
11174.0,1595908357
11175.2,1595908358
11174.0,1595908359
11175.15,1595908359
11175.15,1595908360
11176.0,1595908361
11176.5,1595908362
11176.5,1595908363
11176.5,1595908364
11176.7,1595908365
11176.5,1595908366
11177.0,1595908367
11177.15,1595908368
11176.55,1595908370
11176.9,1595908371
11175.4,1595908372
11175.0,1595908372
11175.6,1595908373
11176.5,1595908374
11175.35,1595908375
11176.25,1595908376
11174.65,1595908377
11175.55,1595908378
11177.5,1595908379
11177.75,1595908380
11176.0,1595908381
11177.5,1595908383
11177.55,1595908384
11178.0,1595908384
11178.0,1595908385
11178.15,1595908386
11178.15,1595908387
11179.0,1595908388
11179.15,1595908389
11178.2,1595908390
11178.15,1595908391
11179.15,1595908392
11179.15,1595908393
11178.55,1595908394
11178.1,1595908395
11178.05,1595908396
11178.1,1595908397
11177.65,1595908397
11177.65,1595908398
11177.05,1595908399
11178.0,1595908400
11177.2,1595908401
11176.85,1595908402
11177.2,1595908404
11177.2,1595908405
11178.05,1595908406
11177.75,1595908407
11178.1,1595908408
11177.75,1595908409
11177.55,1595908410
11177.65,1595908410
11177.8,1595908411
11177.65,1595908412
11177.55,1595908413
11177.65,1595908414
11178.0,1595908415
11178.0,1595908416
11178.0,1595908417
11178.0,1595908418
11178.05,1595908419
11178.05,1595908420
11178.0,1595908421
11178.0,1595908422
11178.0,1595908422
11178.2,1595908423
11179.0,1595908424
11179.1,1595908425
11179.25,1595908426
11179.25,1595908427
11178.75,1595908428
11179.5,1595908429
11179.5,1595908430
11179.65,1595908431
11183.65,1595908432
11179.25,1595908433
11178.2,1595908434
11179.5,1595908435
11180.4,1595908435
11180.0,1595908436
11181.5,1595908437
11181.6,1595908438
11180.1,1595908439
11180.0,1595908440
11179.5,1595908441
11179.85,1595908442
11179.25,1595908443
11179.75,1595908444
11177.0,1595908445
11178.9,1595908446
11178.3,1595908447
11178.0,1595908447
11178.05,1595908448
11177.9,1595908449
11177.0,1595908450
11177.0,1595908451
11177.0,1595908452
11177.0,1595908453
11177.0,1595908454
11175.55,1595908456
11176.0,1595908457
11177.0,1595908458
11176.85,1595908459
11176.7,1595908460
11176.7,1595908460
11176.8,1595908461
11176.0,1595908462
11177.85,1595908463
11176.5,1595908464
11175.7,1595908465
11175.5,1595908466
11174.65,1595908467
11173.15,1595908468
11173.55,1595908469
11175.0,1595908470
11173.0,1595908471
11173.05,1595908472
11175.0,1595908472
11174.5,1595908473
11175.5,1595908474
11178.0,1595908475
11178.7,1595908476
11176.0,1595908477
11176.5,1595908478
11177.55,1595908479
11176.0,1595908480
11177.7,1595908481
11177.7,1595908482
11178.5,1595908483
11176.3,1595908484
11178.85,1595908485
11177.85,1595908486
11177.8,1595908487
11177.8,1595908488
11177.85,1595908489
11177.7,1595908490
11177.0,1595908491
11177.0,1595908492
11175.15,1595908493
11176.8,1595908494
11175.05,1595908495
11177.0,1595908496
11177.8,1595908497
11176.0,1595908498
11175.75,1595908498
11177.0,1595908499
11177.75,1595908500
11176.05,1595908501
11178.6,1595908502
11178.85,1595908503
11177.15,1595908504
11177.15,1595908505
11177.2,1595908506
11177.2,1595908507
11177.2,1595908508
11177.2,1595908509
11178.45,1595908510
11177.2,1595908510
11175.55,1595908511
11177.4,1595908512
11175.5,1595908513
11177.85,1595908514
11175.15,1595908515
11173.05,1595908516
11174.0,1595908517
11176.15,1595908518
11174.15,1595908519
11174.0,1595908520
11173.9,1595908521
11173.0,1595908522
11174.0,1595908523
11174.0,1595908523
11172.1,1595908524
11171.55,1595908525
11173.0,1595908526
11172.6,1595908527
11173.1,1595908528
11172.4,1595908529
11172.6,1595908530
11171.55,1595908531
11171.85,1595908533
11172.6,1595908534
11173.2,1595908535
11172.35,1595908535
11173.0,1595908536
11174.0,1595908537
11174.0,1595908538
11172.3,1595908539
11172.0,1595908540
11174.0,1595908541
11172.5,1595908542
11172.4,1595908543
11174.0,1595908544
11172.7,1595908545
11172.05,1595908546
11172.0,1595908547
11172.0,1595908548
11172.0,1595908548
11172.0,1595908549
11172.0,1595908550
11170.75,1595908552
11170.05,1595908553
11171.95,1595908554
11170.2,1595908555
11170.55,1595908556
11170.4,1595908557
11172.0,1595908558
11172.0,1595908559
11173.75,1595908560
11172.0,1595908560
11172.0,1595908561
11174.0,1595908562
11173.1,1595908563
11173.6,1595908564
11173.5,1595908565
11173.35,1595908566
11172.3,1595908567
11173.0,1595908568
11172.95,1595908569
11173.0,1595908570
11170.8,1595908571
11171.1,1595908572
11171.1,1595908573
11171.5,1595908573
11170.8,1595908574
11170.7,1595908575
11170.75,1595908576
11170.75,1595908577
11172.4,1595908578
11171.75,1595908579
11171.6,1595908580
11171.6,1595908581
11171.6,1595908582
11171.6,1595908583
11172.0,1595908584
11173.0,1595908585
11173.95,1595908586
11174.5,1595908586
11173.65,1595908587
11175.0,1595908588
11173.05,1595908589
11175.0,1595908590
11175.0,1595908591
11174.1,1595908592
11175.0,1595908593
11175.0,1595908594
11175.55,1595908595
11175.0,1595908596
11176.0,1595908597
11175.05,1595908598
11176.55,1595908598
11176.55,1595908599
11176.55,1595908600
11176.55,1595908601
11176.5,1595908602
11178.0,1595908604
11179.0,1595908605
11179.0,1595908606
11179.0,1595908607
11179.05,1595908608
11180.0,1595908609
11179.8,1595908610
11179.6,1595908611
11180.95,1595908611
11180.5,1595908612
11180.55,1595908613
11179.0,1595908614
11181.0,1595908615
11180.05,1595908616
11181.0,1595908617
11181.2,1595908618
11180.15,1595908619
11180.5,1595908620
11181.5,1595908621
11183.25,1595908622
11181.5,1595908623
11182.2,1595908623
11182.2,1595908624
11182.2,1595908625
11182.2,1595908626
11182.6,1595908627
11182.65,1595908628
11184.0,1595908629
11184.0,1595908630
11186.8,1595908631
11185.5,1595908632
11186.7,1595908633
11186.75,1595908634
11187.05,1595908635
11187.05,1595908636
11187.05,1595908636
11187.6,1595908637
11185.75,1595908638
11187.85,1595908639
11186.6,1595908640
11187.05,1595908641
11185.1,1595908642
11187.0,1595908643
11186.0,1595908644
11187.15,1595908645
11187.0,1595908646
11187.1,1595908647
11186.85,1595908648
11185.5,1595908648
11186.45,1595908649
11185.5,1595908650
11185.05,1595908651
11184.95,1595908652
11185.5,1595908653
11184.55,1595908655
11186.0,1595908656
11186.0,1595908657
11186.1,1595908658
11186.05,1595908659
11185.9,1595908660
11187.55,1595908661
11186.1,1595908662
11187.15,1595908663
11186.2,1595908664
11186.45,1595908665
11186.2,1595908666
11186.2,1595908667
11187.0,1595908668
11187.0,1595908669
11187.0,1595908670
11187.0,1595908671
11185.6,1595908672
11185.0,1595908673
11184.1,1595908673
11185.0,1595908674
11186.0,1595908675
11185.05,1595908676
11185.1,1595908677
11186.0,1595908678
11185.0,1595908679
11182.95,1595908680
11182.5,1595908681
11184.55,1595908682
11182.5,1595908683
11184.7,1595908684
11184.7,1595908685
11184.85,1595908686
11184.0,1595908686
11184.0,1595908687
11184.0,1595908688
11183.95,1595908689
11183.0,1595908690
11184.75,1595908691
11184.0,1595908692
11183.0,1595908693
11183.0,1595908695
11182.2,1595908696
11183.0,1595908697
11182.2,1595908698
11182.2,1595908699
11182.2,1595908699
11182.0,1595908700
11182.0,1595908701
11182.0,1595908702
11182.0,1595908703
11182.0,1595908704
11181.0,1595908705
11182.05,1595908706
11181.0,1595908707
11181.0,1595908708
11180.75,1595908709
11180.75,1595908710
11180.75,1595908711
11180.45,1595908711
11180.75,1595908712
11180.8,1595908713
11181.5,1595908714
11181.6,1595908715
11181.1,1595908716
11180.8,1595908717
11181.5,1595908718
11182.0,1595908719
11182.0,1595908720
11182.0,1595908721
11182.5,1595908723
11183.0,1595908724
11182.5,1595908724
11183.0,1595908725
11181.75,1595908726
11181.55,1595908727
11183.15,1595908728
11181.55,1595908729
11181.55,1595908730
11181.5,1595908731
11182.45,1595908733
11181.5,1595908734
11181.55,1595908735
11181.55,1595908736
11183.2,1595908736
11182.95,1595908737
11182.95,1595908738
11182.95,1595908739
11182.95,1595908740
11182.95,1595908741
11182.95,1595908742
11183.8,1595908743
11183.05,1595908744
11183.05,1595908745
11183.75,1595908746
11184.0,1595908747
11184.5,1595908748
11184.0,1595908749
11183.9,1595908749
11181.45,1595908750
11182.45,1595908751
11181.55,1595908752
11181.5,1595908753
11182.3,1595908754
11182.55,1595908755
11184.8,1595908756
11184.9,1595908757
11183.5,1595908758
11183.55,1595908759
11183.55,1595908760
11182.0,1595908761
11181.65,1595908761
11182.0,1595908762
11182.0,1595908763
11182.5,1595908764
11183.0,1595908765
11183.1,1595908766
11183.1,1595908767
11183.55,1595908768
11183.0,1595908769
11182.0,1595908770
11182.0,1595908771
11182.0,1595908772
11182.0,1595908773
11183.5,1595908774
11182.0,1595908774
11184.0,1595908775
11183.6,1595908776
11184.35,1595908777
11184.0,1595908778
11184.0,1595908779
11184.0,1595908780
11184.8,1595908781
11184.8,1595908782
11185.0,1595908783
11186.0,1595908784
11184.6,1595908785
11184.6,1595908786
11183.0,1595908787
11183.1,1595908788
11183.0,1595908789
11183.55,1595908790
11181.5,1595908791
11181.5,1595908792
11183.0,1595908793
11182.0,1595908794
11182.1,1595908795
11183.2,1595908796
11183.2,1595908797
11182.0,1595908798
11181.6,1595908799
11181.6,1595908799
11181.6,1595908800
11181.5,1595908801
11182.0,1595908802
11182.5,1595908803
11182.55,1595908804
11182.8,1595908805
11183.2,1595908806
11184.0,1595908807
11184.0,1595908808
11184.85,1595908809
11185.0,1595908810
11185.0,1595908811
11184.1,1595908812
11184.6,1595908812
11185.0,1595908813
11184.6,1595908814
11185.0,1595908815
11185.0,1595908816
11185.0,1595908817
11184.6,1595908818
11184.5,1595908819
11183.05,1595908821
11183.75,1595908822
11182.75,1595908823
11183.1,1595908824
11183.0,1595908824
11181.05,1595908825
11181.05,1595908826
11180.0,1595908827
11179.0,1595908828
11178.05,1595908829
11178.05,1595908830
11178.0,1595908831
11176.75,1595908832
11178.05,1595908834
11180.0,1595908835
11180.0,1595908836
11179.75,1595908837
11180.2,1595908837
11183.0,1595908838
11181.35,1595908839
11179.05,1595908840
11179.1,1595908841
11179.1,1595908842
11180.15,1595908843
11178.5,1595908844
11179.1,1595908845
11180.45,1595908846
11178.55,1595908847
11179.1,1595908848
11178.75,1595908849
11180.85,1595908849
11181.55,1595908850
11180.25,1595908851
11182.0,1595908852
11181.25,1595908853
11180.9,1595908854
11180.9,1595908855
11180.1,1595908856
11180.0,1595908858
11179.05,1595908859
11179.05,1595908860
11180.1,1595908861
11180.0,1595908862
11180.0,1595908862
11179.55,1595908863
11180.55,1595908864
11181.0,1595908865
11181.0,1595908866
11181.15,1595908867
11180.55,1595908868
11181.0,1595908869
11181.0,1595908870
11181.25,1595908871
11181.85,1595908872
11182.3,1595908873
11182.95,1595908874
11182.75,1595908875
11182.75,1595908875
11183.0,1595908876
11182.45,1595908877
11182.1,1595908878
11182.5,1595908879
11183.75,1595908880
11183.8,1595908881
11183.0,1595908882
11183.5,1595908883
11183.3,1595908884
11183.3,1595908885
11184.85,1595908886
11183.4,1595908887
11185.0,1595908887
11185.0,1595908888
11183.5,1595908889
11184.85,1595908890
11185.0,1595908891
11185.0,1595908892
11184.5,1595908893
11185.0,1595908894
11187.0,1595908896
11186.1,1595908897
11185.0,1595908898
11184.85,1595908899
11186.1,1595908900
11183.95,1595908900
11183.3,1595908901
11184.5,1595908902
11184.5,1595908903
11184.95,1595908904
11183.0,1595908905
11183.0,1595908906
11186.0,1595908907
11184.5,1595908908
11184.6,1595908909
11186.1,1595908910
11186.1,1595908911
11186.0,1595908912
11185.0,1595908912
11185.95,1595908913
11184.95,1595908914
11184.95,1595908915
11184.95,1595908916
11182.95,1595908917
11184.95,1595908918
11184.05,1595908919
11184.95,1595908921
11184.95,1595908922
11186.0,1595908923
11186.0,1595908924
11186.05,1595908925
11187.0,1595908926
11187.0,1595908927
11186.25,1595908928
11186.25,1595908929
11186.25,1595908930
11187.35,1595908931
11186.25,1595908932
11187.0,1595908933
11186.3,1595908934
11187.7,1595908935
11187.65,1595908936
11186.5,1595908937
11188.0,1595908937
11187.7,1595908938
11187.0,1595908939
11187.5,1595908940
11187.0,1595908941
11186.05,1595908942
11186.5,1595908943
11188.25,1595908944
11188.0,1595908947
11187.05,1595908948
11188.25,1595908949
11187.75,1595908950
11188.25,1595908950
11188.05,1595908951
11188.0,1595908952
11188.2,1595908953
11188.5,1595908954
11188.2,1595908955
11187.25,1595908956
11187.55,1595908957
11187.0,1595908958
11187.25,1595908959
11187.0,1595908960
11187.0,1595908961
11188.0,1595908962
11188.0,1595908963
11188.0,1595908963
11187.0,1595908964
11188.15,1595908965
11189.4,1595908966
11190.0,1595908967
11191.95,1595908968
11191.0,1595908969
11192.0,1595908970
11192.25,1595908971
11192.55,1595908973
11192.3,1595908974
11192.2,1595908975
11192.55,1595908975
11192.15,1595908976
11192.25,1595908977
11192.3,1595908978
11192.25,1595908980
11191.15,1595908981
11192.0,1595908982
11191.5,1595908983
11192.1,1595908984
11191.1,1595908985
11191.5,1595908986
11190.55,1595908988
11191.5,1595908989
11192.0,1595908990
11194.2,1595908991
11193.2,1595908992
11193.2,1595908993
11193.05,1595908994
11191.5,1595908995
11191.05,1595908996
11192.65,1595908997
11191.05,1595908998
11191.2,1595908999
11191.0,1595909000
11193.3,1595909001
11192.0,1595909002
11191.0,1595909003
11190.0,1595909004
11189.5,1595909005
11188.0,1595909006
11189.0,1595909007
11189.1,1595909008
11189.5,1595909009
11189.0,1595909010
11186.4,1595909011
11187.0,1595909012
11187.0,1595909013
11188.9,1595909013
11187.05,1595909014
11191.0,1595909015
11190.0,1595909016
11190.0,1595909017
11190.55,1595909018
11190.0,1595909019
11190.0,1595909020
11189.55,1595909021
11190.0,1595909022
11189.5,1595909023
11188.2,1595909024
11189.0,1595909025
11189.0,1595909025
11190.1,1595909026
11191.05,1595909027
11191.05,1595909028
11192.0,1595909029
11190.0,1595909030
11190.95,1595909031
11191.5,1595909032
11192.0,1595909033
11190.0,1595909034
11191.9,1595909035
11191.25,1595909036
11190.0,1595909037
11188.5,1595909038
11188.5,1595909038
11191.05,1595909040
11191.1,1595909041
11190.2,1595909042
11190.0,1595909043
11190.95,1595909044
11190.35,1595909045
11191.0,1595909046
11189.8,1595909047
11191.3,1595909048
11190.0,1595909050
11191.0,1595909050
11191.5,1595909051
11191.5,1595909052
11191.5,1595909053
11191.65,1595909054
11191.0,1595909055
11192.5,1595909056
11192.0,1595909057
11192.5,1595909058
11190.65,1595909059
11192.25,1595909060
11189.45,1595909061
11190.0,1595909062
11191.0,1595909063
11192.0,1595909063
11191.0,1595909064
11191.0,1595909065
11191.0,1595909066
11191.75,1595909067
11191.75,1595909068
11191.75,1595909069
11192.0,1595909070
11193.0,1595909071
11192.25,1595909072
11192.25,1595909073
11193.0,1595909074
11192.5,1595909075
11193.0,1595909076
11193.55,1595909076
11193.0,1595909077
11192.25,1595909078
11192.35,1595909079
11192.4,1595909080
11193.0,1595909081
11193.55,1595909082
11193.35,1595909083
11192.75,1595909084
11194.0,1595909085
11192.75,1595909086
11192.75,1595909087
11192.5,1595909088
11191.0,1595909088
11192.0,1595909089
11192.55,1595909090
11192.0,1595909091
11192.75,1595909092
11193.6,1595909093
11192.6,1595909094
11193.6,1595909095
11193.0,1595909096
11193.0,1595909097
11193.0,1595909098
11192.55,1595909099
11192.0,1595909100
11191.75,1595909101
11193.0,1595909101
11193.0,1595909102
11193.55,1595909103
11193.55,1595909104
11193.55,1595909105
11193.55,1595909106
11193.55,1595909107
11193.55,1595909108
11193.4,1595909109
11192.0,1595909110
11191.3,1595909111
11192.85,1595909112
11193.0,1595909113
11193.0,1595909113
11191.55,1595909114
11191.2,1595909115
11192.0,1595909116
11192.1,1595909117
11192.1,1595909118
11192.1,1595909119
11191.05,1595909120
11191.05,1595909121
11191.5,1595909123
11191.5,1595909124
11191.1,1595909125
11191.0,1595909126
11191.1,1595909126
11190.0,1595909127
11191.65,1595909128
11191.65,1595909129
11190.0,1595909130
11190.0,1595909131
11190.25,1595909132
11189.85,1595909133
11189.85,1595909134
11189.0,1595909135
11189.0,1595909136
11190.0,1595909137
11190.0,1595909138
11189.0,1595909138
11189.0,1595909139
11189.9,1595909140
11189.5,1595909141
11189.5,1595909142
11189.5,1595909143
11189.5,1595909144
11190.55,1595909145
11189.5,1595909146
11190.0,1595909147
11190.0,1595909148
11190.0,1595909149
11190.25,1595909150
11190.25,1595909151
11189.0,1595909151
11190.0,1595909152
11189.8,1595909153
11189.8,1595909154
11189.0,1595909155
11189.0,1595909156
11189.55,1595909158
11189.9,1595909159
11189.0,1595909160
11189.0,1595909161
11189.8,1595909162
11189.8,1595909163
11189.0,1595909166
11188.5,1595909167
11188.6,1595909168
11188.55,1595909169
11189.8,1595909170
11189.0,1595909171
11188.6,1595909172
11188.65,1595909173
11191.0,1595909174
11191.0,1595909175
11191.0,1595909176
11191.0,1595909176
11191.75,1595909177
11191.65,1595909178
11191.6,1595909179
11191.65,1595909180
11193.0,1595909181
11192.7,1595909183
11195.0,1595909184
11195.0,1595909185
11196.0,1595909186
11196.0,1595909187
11194.2,1595909188
11194.2,1595909189
11195.0,1595909189
11195.15,1595909190
11195.65,1595909191
11195.85,1595909192
11195.7,1595909193
11195.6,1595909194
11195.0,1595909196
11194.55,1595909197
11195.7,1595909198
11195.0,1595909199
11195.9,1595909200
11194.6,1595909201
11195.6,1595909201
11194.65,1595909202
11195.3,1595909204
11195.9,1595909205
11195.95,1595909206
11195.3,1595909207
11195.9,1595909208
11195.0,1595909209
11195.0,1595909211
11195.0,1595909212
11195.0,1595909213
11195.4,1595909214
11194.65,1595909214
11194.65,1595909215
11194.35,1595909216
11192.0,1595909217
11192.0,1595909218
11193.85,1595909219
11193.85,1595909220
11191.6,1595909221
11194.0,1595909222
11193.95,1595909223
11193.95,1595909224
11192.5,1595909225
11194.8,1595909226
11193.8,1595909226
11194.75,1595909227
11192.6,1595909228
11192.6,1595909229
11192.65,1595909230
11191.6,1595909231
11192.6,1595909232
11191.4,1595909233
11191.6,1595909234
11193.0,1595909235
11193.95,1595909236
11193.9,1595909237
11193.7,1595909238
11194.55,1595909239
11193.3,1595909239
11194.0,1595909240
11193.3,1595909241
11194.55,1595909242
11193.85,1595909243
11193.0,1595909244
11193.0,1595909245
11193.0,1595909246
11193.0,1595909247
11193.5,1595909248
11193.5,1595909249
11193.5,1595909250
11193.5,1595909251
11193.9,1595909252
11193.5,1595909252
11193.85,1595909253
11193.85,1595909254
11193.85,1595909255
11194.0,1595909256
11193.85,1595909257
11194.0,1595909258
11194.05,1595909259
11194.1,1595909260
11195.0,1595909261
11194.4,1595909262
11194.5,1595909263
11194.5,1595909264
11195.5,1595909264
11196.45,1595909265
11198.2,1595909268
11197.35,1595909269
11198.05,1595909270
11197.8,1595909271
11197.75,1595909272
11196.35,1595909274
11196.25,1595909275
11195.0,1595909276
11194.8,1595909277
11196.85,1595909277
11197.15,1595909278
11197.15,1595909279
11196.5,1595909280
11196.6,1595909281
11196.3,1595909282
11195.35,1595909283
11195.15,1595909284
11196.55,1595909285
11195.9,1595909286
11194.55,1595909287
11194.7,1595909288
11195.7,1595909289
11195.85,1595909289
11195.5,1595909290
11194.7,1595909291
11194.8,1595909292
11194.8,1595909293
11195.0,1595909294
11195.0,1595909295
11194.0,1595909296
11195.3,1595909297
11195.1,1595909298
11196.0,1595909299
11195.3,1595909300
11195.15,1595909301
11195.3,1595909302
11195.5,1595909302
11195.0,1595909303
11195.0,1595909304
11196.0,1595909305
11195.0,1595909306
11194.85,1595909307
11194.0,1595909308
11194.0,1595909309
11194.0,1595909310
11194.7,1595909311
11194.0,1595909312
11194.0,1595909313
11195.05,1595909314
11195.45,1595909314
11192.25,1595909315
11192.2,1595909316
11192.2,1595909317
11192.2,1595909318
11192.0,1595909319
11192.2,1595909320
11192.2,1595909321
11193.2,1595909322
11193.5,1595909323
11191.55,1595909324
11191.55,1595909325
11191.55,1595909326
11191.55,1595909327
11191.55,1595909327
11193.0,1595909329
11191.55,1595909330
11191.55,1595909331
11191.0,1595909332
11190.7,1595909333
11191.55,1595909334
11191.55,1595909335
11193.05,1595909336
11192.2,1595909337
11193.9,1595909338
11192.9,1595909339
11192.8,1595909340
11193.1,1595909340
11192.8,1595909341
11192.8,1595909342
11192.35,1595909343
11191.6,1595909344
11191.0,1595909345
11191.95,1595909346
11191.05,1595909347
11193.0,1595909349
11192.2,1595909350
11191.6,1595909351
11191.15,1595909352
11191.15,1595909352
11191.0,1595909353
11191.0,1595909354
11191.0,1595909355
11190.65,1595909356
11190.65,1595909357
11191.8,1595909358
11191.8,1595909359
11191.8,1595909360
11191.0,1595909361
11190.05,1595909362
11190.05,1595909363
11190.8,1595909364
11192.0,1595909365
11190.8,1595909365
11190.15,1595909366
11192.0,1595909367
11191.05,1595909368
11190.05,1595909369
11191.85,1595909370
11192.5,1595909371
11190.1,1595909372
11191.0,1595909373
11191.15,1595909374
11191.0,1595909375
11192.7,1595909376
11191.0,1595909377
11191.0,1595909377
11190.8,1595909378
11190.8,1595909379
11190.3,1595909380
11190.15,1595909381
11190.1,1595909382
11190.1,1595909383
11190.1,1595909384
11190.1,1595909385
11189.6,1595909386
11190.0,1595909387
11190.1,1595909388
11189.55,1595909389
11189.55,1595909390
11189.15,1595909390
11189.1,1595909391
11189.05,1595909392
11189.0,1595909393
11190.0,1595909394
11190.0,1595909395
11189.05,1595909396
11189.5,1595909397
11190.1,1595909398
11190.05,1595909399
11190.1,1595909400
11191.05,1595909401
11191.15,1595909402
11191.4,1595909402
11191.9,1595909403
11191.9,1595909404
11193.0,1595909405
11193.05,1595909406
11193.55,1595909407
11193.0,1595909408
11192.0,1595909409
11193.0,1595909410
11193.0,1595909411
11193.0,1595909412
11193.0,1595909413
11192.0,1595909415
11192.0,1595909415
11192.55,1595909416
11192.55,1595909417
11191.85,1595909418
11191.85,1595909419
11193.0,1595909420
11193.0,1595909421
11193.0,1595909422
11194.55,1595909423
11194.55,1595909424
11194.55,1595909425
11193.0,1595909426
11193.85,1595909427
11193.85,1595909428
11194.55,1595909428
11194.5,1595909429
11193.0,1595909430
11193.3,1595909431
11193.0,1595909432
11192.65,1595909433
11191.85,1595909434
11191.85,1595909435
11191.0,1595909436
11191.0,1595909437
11191.0,1595909438
11191.0,1595909439
11191.05,1595909440
11191.05,1595909440
11191.05,1595909441
11193.0,1595909442
11193.0,1595909443
11192.5,1595909444
11191.0,1595909445
11192.4,1595909446
11192.0,1595909447
11191.85,1595909449
11191.0,1595909450
11191.5,1595909451
11191.75,1595909453
11190.0,1595909453
11190.05,1595909454
11190.05,1595909455
11190.05,1595909456
11190.0,1595909457
11189.55,1595909459
11189.5,1595909460
11188.2,1595909461
11189.6,1595909462
11188.05,1595909463
11189.95,1595909464
11189.0,1595909465
11188.05,1595909465
11188.05,1595909466
11190.0,1595909467
11188.7,1595909468
11189.1,1595909469
11190.0,1595909470
11190.0,1595909471
11190.2,1595909472
11190.0,1595909473
11191.0,1595909474
11190.1,1595909475
11190.1,1595909476
11190.1,1595909477
11190.1,1595909478
11189.1,1595909478
11188.25,1595909479
11188.0,1595909480
11188.0,1595909481
11188.0,1595909482
11188.0,1595909483
11188.0,1595909484
11188.0,1595909485
11188.0,1595909486
11188.0,1595909487
11187.7,1595909488
11187.55,1595909489
11187.55,1595909490
11187.55,1595909490
11187.7,1595909491
11187.1,1595909492
11187.5,1595909493
11187.55,1595909494
11186.1,1595909495
11186.1,1595909496
11187.1,1595909497
11187.1,1595909498
11187.55,1595909499
11186.05,1595909500
11186.0,1595909501
11187.0,1595909502
11186.35,1595909503
11186.35,1595909503
11187.55,1595909504
11186.35,1595909505
11186.95,1595909506
11186.0,1595909507
11186.95,1595909508
11186.95,1595909509
11184.45,1595909510
11185.2,1595909511
11186.0,1595909512
11186.0,1595909513
11185.9,1595909514
11186.0,1595909515
11186.35,1595909515
11188.0,1595909516
11188.0,1595909517
11188.0,1595909518
11186.5,1595909519
11186.0,1595909520
11186.3,1595909521
11186.65,1595909522
11189.0,1595909524
11188.25,1595909525
11188.25,1595909526
11186.7,1595909527
11187.0,1595909528
11188.5,1595909528
11187.0,1595909529
11188.3,1595909530
11188.0,1595909532
11188.0,1595909533
11188.0,1595909534
11188.0,1595909535
11189.0,1595909536
11188.0,1595909537
11187.55,1595909538
11187.35,1595909539
11188.0,1595909540
11188.0,1595909541
11188.0,1595909541
11188.0,1595909542
11188.0,1595909543
11188.0,1595909544
11187.2,1595909545
11188.25,1595909546
11188.8,1595909547
11189.1,1595909548
11189.1,1595909549
11188.35,1595909550
11189.3,1595909551
11189.0,1595909552
11188.0,1595909553
11188.0,1595909553
11188.2,1595909554
11189.0,1595909555
11188.0,1595909556
11188.0,1595909557
11188.0,1595909558
11188.0,1595909559
11187.0,1595909560
11188.0,1595909561
11188.25,1595909562
11187.55,1595909563
11187.5,1595909564
11187.5,1595909565
11187.0,1595909566
11188.0,1595909566
11188.0,1595909567
11188.45,1595909568
11187.2,1595909569
11187.2,1595909570
11188.0,1595909571
11188.0,1595909572
11188.1,1595909573
11188.3,1595909574
11189.0,1595909575
11189.0,1595909576
11189.0,1595909577
11188.1,1595909578
11188.1,1595909578
11188.25,1595909579
11188.1,1595909580
11187.9,1595909581
11188.0,1595909582
11189.0,1595909583
11187.9,1595909584
11188.3,1595909585
11189.0,1595909586
11189.2,1595909587
11187.75,1595909588
11188.0,1595909589
11188.3,1595909590
11188.05,1595909591
11188.05,1595909591
11189.75,1595909592
11190.7,1595909593
11190.6,1595909594
11190.8,1595909595
11192.0,1595909596
11190.8,1595909597
11187.85,1595909598
11188.3,1595909599
11189.0,1595909600
11188.55,1595909601
11188.55,1595909602
11191.25,1595909603
11191.25,1595909603
11190.95,1595909604
11189.1,1595909605
11189.0,1595909606
11190.45,1595909607
11188.85,1595909608
11188.75,1595909609
11188.75,1595909610
11188.0,1595909611
11188.75,1595909612
11187.55,1595909613
11187.2,1595909614
11187.2,1595909615
11187.1,1595909616
11188.0,1595909616
11187.0,1595909617
11187.0,1595909618
11188.0,1595909619
11186.65,1595909620
11186.15,1595909621
11188.0,1595909622
11187.2,1595909623
11186.15,1595909624
11186.35,1595909625
11185.8,1595909626
11188.0,1595909627
11186.05,1595909628
11187.95,1595909629
11185.5,1595909629
11185.45,1595909630
11185.4,1595909631
11186.7,1595909632
11183.8,1595909633
11184.3,1595909634
11184.35,1595909635
11183.85,1595909636
11185.0,1595909637
11185.0,1595909638
11184.55,1595909639
11184.05,1595909640
11184.15,1595909641
11183.35,1595909641
11184.3,1595909642
11185.0,1595909643
11184.55,1595909644
11184.3,1595909645
11184.55,1595909646
11184.55,1595909647
11184.75,1595909648
11183.6,1595909649
11184.75,1595909650
11183.4,1595909651
11183.6,1595909652
11184.9,1595909653
11183.2,1595909654
11184.1,1595909654
11183.05,1595909655
11183.6,1595909656
11183.6,1595909657
11184.75,1595909658
11184.75,1595909659
11184.55,1595909660
11184.0,1595909661
11184.0,1595909662
11184.75,1595909663
11184.55,1595909664
11184.75,1595909665
11184.0,1595909666
11185.0,1595909666
11183.0,1595909667
11182.2,1595909668
11182.9,1595909669
11182.5,1595909670
11182.0,1595909671
11182.0,1595909672
11182.0,1595909673
11182.45,1595909674
11182.45,1595909675
11182.45,1595909676
11182.05,1595909677
11182.1,1595909678
11184.1,1595909679
11183.2,1595909679
11183.0,1595909680
11183.05,1595909681
11183.4,1595909682
11183.4,1595909683
11184.0,1595909684
11184.75,1595909685
11183.6,1595909686
11185.0,1595909687
11184.05,1595909688
11184.25,1595909689
11184.75,1595909690
11184.75,1595909691
11184.75,1595909691
11185.0,1595909692
11185.0,1595909693
11184.8,1595909694
11185.0,1595909695
11185.0,1595909696
11186.0,1595909697
11185.1,1595909698
11184.85,1595909699
11184.8,1595909700
11184.8,1595909701
11187.25,1595909702
11186.0,1595909703
11185.25,1595909704
11185.15,1595909704
11185.15,1595909705
11185.3,1595909706
11185.15,1595909707
11185.15,1595909709
11185.15,1595909710
11186.0,1595909711
11185.2,1595909712
11186.4,1595909713
11185.1,1595909714
11186.55,1595909715
11185.35,1595909716
11185.35,1595909717
11185.3,1595909717
11186.35,1595909718
11185.3,1595909719
11185.0,1595909720
11186.0,1595909721
11185.1,1595909722
11185.1,1595909723
11185.0,1595909724
11185.4,1595909725
11185.4,1595909727
11185.1,1595909728
11185.4,1595909729
11185.4,1595909729
11184.8,1595909730
11184.2,1595909731
11184.2,1595909732
11184.2,1595909733
11185.0,1595909734
11185.0,1595909735
11186.8,1595909736
11186.65,1595909737
11184.1,1595909738
11184.05,1595909739
11184.05,1595909740
11184.05,1595909741
11184.0,1595909742
11185.35,1595909742
11184.05,1595909743
11185.3,1595909744
11184.7,1595909745
11185.35,1595909746
11185.75,1595909747
11185.75,1595909748
11184.6,1595909749
11184.6,1595909750
11185.0,1595909751
11185.0,1595909752
11185.0,1595909753
11185.0,1595909754
11185.0,1595909754
11184.55,1595909755
11184.85,1595909756
11185.6,1595909758
11185.6,1595909759
11185.2,1595909760
11185.2,1595909761
11185.95,1595909762
11185.95,1595909763
11186.0,1595909764
11184.85,1595909765
11185.2,1595909766
11185.6,1595909767
11185.0,1595909767
11186.0,1595909768
11185.5,1595909769
11184.85,1595909770
11185.5,1595909771
11184.8,1595909772
11184.5,1595909773
11184.35,1595909774
11184.0,1595909775
11184.3,1595909776
11184.2,1595909777
11183.5,1595909778
11183.0,1595909779
11183.0,1595909779
11183.0,1595909780
11183.0,1595909781
11182.0,1595909782
11181.8,1595909783
11181.6,1595909784
11181.6,1595909785
11181.55,1595909786
11182.0,1595909787
11181.0,1595909788
11181.05,1595909789
11178.2,1595909790
11179.25,1595909791
11180.85,1595909792
11181.1,1595909792
11181.0,1595909793
11180.55,1595909794
11180.55,1595909795
11181.8,1595909796
11180.55,1595909797
11178.55,1595909798
11177.7,1595909799
11178.95,1595909800
11179.05,1595909801
11180.2,1595909802
11182.0,1595909803
11181.65,1595909804
11180.5,1595909804
11181.5,1595909805
11182.0,1595909806
11181.6,1595909807
11182.0,1595909808
11181.6,1595909809
11180.65,1595909810
11181.5,1595909811
11181.3,1595909812
11181.1,1595909813
11181.5,1595909814
11181.15,1595909815
11180.85,1595909816
11180.85,1595909817
11182.5,1595909817
11182.25,1595909818
11182.5,1595909819
11182.0,1595909820
11182.45,1595909821
11183.35,1595909822
11184.6,1595909823
11185.0,1595909824
11184.9,1595909825
11183.9,1595909826
11183.45,1595909827
11183.45,1595909828
11182.15,1595909829
11181.6,1595909830
11181.5,1595909830
11180.5,1595909831
11180.0,1595909832
11180.15,1595909833
11180.0,1595909834
11180.3,1595909835
11180.5,1595909836
11180.0,1595909837
11179.5,1595909838
11180.25,1595909839
11180.5,1595909840
11181.25,1595909841
11180.7,1595909842
11180.8,1595909842
11180.8,1595909843
11180.7,1595909844
11180.0,1595909845
11180.0,1595909846
11180.3,1595909847
11180.15,1595909848
11180.7,1595909849
11181.35,1595909850
11181.2,1595909851
11181.5,1595909852
11184.0,1595909853
11182.3,1595909854
11184.3,1595909855
11184.3,1595909855
11183.5,1595909856
11183.5,1595909857
11184.05,1595909858
11183.75,1595909859
11183.5,1595909860
11183.5,1595909861
11184.9,1595909862
11183.35,1595909863
11183.65,1595909864
11183.75,1595909865
11184.0,1595909866
11185.0,1595909867
11185.6,1595909867
11185.8,1595909868
11185.0,1595909869
11185.8,1595909870
11185.8,1595909871
11185.2,1595909872
11187.6,1595909873
11186.0,1595909874
11186.9,1595909875
11186.9,1595909876
11185.2,1595909877
11186.0,1595909878
11186.0,1595909879
11185.65,1595909880
11185.55,1595909880
11185.5,1595909881
11185.2,1595909882
11185.2,1595909883
11186.4,1595909884
11186.75,1595909885
11185.7,1595909886
11185.25,1595909887
11185.2,1595909888
11184.8,1595909889
11185.0,1595909890
11185.0,1595909891
11184.75,1595909892
11184.75,1595909892
11183.0,1595909893
11183.0,1595909894
11183.0,1595909895
11183.4,1595909896
11183.4,1595909897
11183.4,1595909898
11183.4,1595909899
11183.4,1595909900
11182.0,1595909901
11182.0,1595909902
11181.2,1595909903
11179.55,1595909904
11180.0,1595909905
11180.55,1595909905
11179.4,1595909906
11180.0,1595909907
11180.0,1595909908
11180.5,1595909909
11180.7,1595909910
11180.7,1595909911
11181.0,1595909913
11181.5,1595909914
11181.5,1595909915
11182.45,1595909916
11181.5,1595909917
11181.5,1595909918
11180.7,1595909918
11181.65,1595909919
11180.05,1595909920
11180.0,1595909921
11180.7,1595909922
11180.0,1595909923
11180.0,1595909924
11180.7,1595909925
11180.0,1595909926
11180.15,1595909927
11179.2,1595909928
11178.75,1595909929
11178.4,1595909930
11178.5,1595909930
11178.5,1595909931
11179.05,1595909932
11178.85,1595909933
11177.65,1595909934
11177.55,1595909935
11177.1,1595909936
11177.55,1595909937
11177.55,1595909938
11177.5,1595909939
11177.0,1595909940
11176.95,1595909941
11176.85,1595909942
11177.5,1595909943
11179.0,1595909943
11179.95,1595909944
11178.75,1595909945
11179.2,1595909946
11179.7,1595909947
11179.75,1595909948
11179.75,1595909949
11179.0,1595909950
11178.5,1595909951
11178.85,1595909952
11179.1,1595909953
11179.0,1595909954
11177.4,1595909955
11178.35,1595909955
11178.35,1595909956
11178.0,1595909957
11178.6,1595909958
11178.15,1595909959
11177.2,1595909960
11177.2,1595909961
11173.4,1595909962
11171.7,1595909963
11170.3,1595909964
11171.55,1595909965
11171.95,1595909966
11172.45,1595909967
11170.95,1595909968
11171.95,1595909968
11173.8,1595909969
11173.0,1595909970
11172.2,1595909971
11172.45,1595909972
11171.55,1595909973
11171.6,1595909974
11171.3,1595909975
11171.55,1595909976
11171.85,1595909977
11172.4,1595909978
11171.9,1595909980
11172.5,1595909980
11174.25,1595909981
11173.5,1595909982
11174.25,1595909983
11174.15,1595909984
11175.55,1595909985
11176.0,1595909986
11174.3,1595909987
11174.2,1595909988
11173.95,1595909989
11174.0,1595909990
11174.7,1595909991
11174.3,1595909992
11174.8,1595909993
11176.65,1595909993
11176.8,1595909994
11176.05,1595909995
11175.2,1595909996
11175.0,1595909997
11175.45,1595909998
11175.15,1595909999
11175.15,1595910000
11175.4,1595910001
11175.0,1595910002
11174.35,1595910003
11173.95,1595910004
11173.5,1595910005
11173.4,1595910006
11173.2,1595910006
11172.55,1595910007
11172.55,1595910008
11171.9,1595910009
11171.05,1595910010
11171.55,1595910011
11172.25,1595910012
11173.3,1595910013
11171.5,1595910014
11172.6,1595910015
11172.75,1595910016
11171.9,1595910017
11172.5,1595910018
11172.25,1595910019
11171.9,1595910020
11171.4,1595910021
11170.1,1595910022
11170.9,1595910023
11171.7,1595910024
11171.7,1595910025
11171.3,1595910026
11170.25,1595910027
11170.1,1595910028
11169.45,1595910029
11170.1,1595910030
11167.35,1595910031
11168.45,1595910032
11167.8,1595910033
11167.8,1595910034
11167.4,1595910035
11167.5,1595910036
11165.15,1595910037
11165.3,1595910038
11165.05,1595910039
11165.0,1595910040
11165.05,1595910041
11166.0,1595910042
11166.2,1595910043
11167.3,1595910043
11168.45,1595910044
11168.45,1595910045
11168.0,1595910046
11168.6,1595910047
11168.4,1595910048
11168.95,1595910049
11169.45,1595910050
11169.8,1595910051
11170.2,1595910052
11169.85,1595910053
11170.65,1595910054
11169.6,1595910055
11169.0,1595910056
11169.35,1595910056
11170.25,1595910057
11169.35,1595910059
11169.5,1595910060
11169.5,1595910061
11169.45,1595910062
11169.55,1595910063
11170.45,1595910065
11170.45,1595910066
11170.15,1595910067
11170.9,1595910068
11171.35,1595910068
11171.15,1595910069
11172.0,1595910070
11173.05,1595910071
11173.55,1595910072
11172.9,1595910073
11173.8,1595910074
11173.8,1595910075
11174.55,1595910076
11175.0,1595910077
11173.9,1595910078
11173.25,1595910079
11173.9,1595910080
11173.45,1595910081
11173.2,1595910081
11173.0,1595910082
11172.65,1595910083
11173.25,1595910084
11173.9,1595910085
11173.35,1595910086
11173.35,1595910087
11174.85,1595910088
11174.9,1595910089
11175.4,1595910090
11174.45,1595910091
11174.9,1595910092
11174.0,1595910093
11172.8,1595910094
11172.85,1595910094
11172.35,1595910095
11171.7,1595910096
11172.0,1595910097
11172.35,1595910098
11171.95,1595910099
11172.2,1595910101
11172.7,1595910102
11172.7,1595910103
11172.45,1595910104
11172.5,1595910105
11173.65,1595910106
11172.55,1595910106
11172.7,1595910107
11171.8,1595910108
11171.8,1595910109
11171.65,1595910110
11170.55,1595910111
11169.1,1595910112
11168.75,1595910113
11168.1,1595910114
11168.0,1595910115
11168.5,1595910116
11169.05,1595910117
11169.3,1595910118
11168.65,1595910119
11168.65,1595910119
11168.4,1595910120
11167.25,1595910121
11167.6,1595910122
11167.0,1595910123
11167.6,1595910124
11167.1,1595910125
11167.0,1595910126
11166.65,1595910127
11165.9,1595910128
11164.6,1595910129
11165.55,1595910130
11163.5,1595910131
11162.7,1595910131
11162.2,1595910132
11162.65,1595910133
11162.2,1595910134
11161.8,1595910135
11161.8,1595910136
11162.2,1595910137
11161.75,1595910138
11162.45,1595910139
11163.1,1595910140
11162.55,1595910141
11163.1,1595910142
11162.6,1595910143
11164.95,1595910144
11163.35,1595910144
11162.6,1595910145
11161.5,1595910146
11162.1,1595910147
11162.1,1595910148
11162.1,1595910149
11161.7,1595910150
11162.15,1595910151
11161.75,1595910152
11163.0,1595910153
11166.8,1595910154
11165.75,1595910155
11165.1,1595910156
11166.0,1595910156
11166.05,1595910157
11166.15,1595910158
11166.7,1595910159
11165.45,1595910160
11165.65,1595910161
11166.55,1595910162
11168.35,1595910163
11168.0,1595910164
11166.9,1595910165
11166.25,1595910166
11166.65,1595910167
11167.1,1595910168
11167.15,1595910169
11167.3,1595910169
11167.55,1595910170
11167.65,1595910171
11168.8,1595910172
11168.85,1595910173
11169.45,1595910174
11171.0,1595910175
11171.7,1595910177
11171.5,1595910178
11171.0,1595910179
11169.8,1595910180
11169.8,1595910181
11169.85,1595910181
11171.0,1595910182
11171.3,1595910183
11169.55,1595910184
11169.65,1595910185
11169.95,1595910186
11169.8,1595910187
11169.8,1595910188
11169.8,1595910189
11171.0,1595910190
11171.0,1595910191
11171.0,1595910192
11171.0,1595910193
11170.95,1595910194
11171.0,1595910194
11171.15,1595910195
11170.3,1595910196
11170.2,1595910197
11171.0,1595910198
11171.0,1595910199
11171.0,1595910200
11170.95,1595910201
11170.55,1595910202
11171.7,1595910203
11171.95,1595910204
11170.7,1595910205
11171.5,1595910206
11172.0,1595910207
11171.95,1595910207
11171.95,1595910208
11171.9,1595910210
11171.7,1595910211
11174.4,1595910213
11175.65,1595910214
11175.55,1595910215
11175.55,1595910216
11173.0,1595910217
11173.15,1595910218
11172.3,1595910219
11173.0,1595910219
11171.5,1595910220
11173.0,1595910222
11173.0,1595910223
11172.9,1595910224
11171.95,1595910225
11171.95,1595910226
11173.0,1595910227
11172.5,1595910228
11172.5,1595910229
11172.55,1595910230
11173.2,1595910231
11173.2,1595910232
11172.95,1595910232
11172.1,1595910233
11172.1,1595910234
11172.95,1595910235
11172.7,1595910236
11172.95,1595910237
11173.0,1595910238
11174.4,1595910239
11174.65,1595910241
11173.55,1595910242
11173.55,1595910243
11175.0,1595910244
11174.0,1595910244
11174.95,1595910245
11174.0,1595910246
11176.0,1595910247
11176.0,1595910248
11178.2,1595910249
11177.75,1595910250
11175.6,1595910251
11175.5,1595910252
11177.1,1595910253
11177.1,1595910254
11177.0,1595910255
11175.6,1595910256
11177.0,1595910257
11177.0,1595910257
11176.45,1595910258
11177.0,1595910259
11177.0,1595910261
11175.7,1595910262
11175.5,1595910263
11177.0,1595910264
11177.1,1595910265
11177.0,1595910266
11177.5,1595910267
11177.75,1595910268
11177.2,1595910269
11177.2,1595910269
11177.2,1595910270
11178.45,1595910271
11178.8,1595910272
11177.6,1595910273
11178.5,1595910274
11178.35,1595910275
11178.2,1595910276
11179.0,1595910277
11179.4,1595910279
11179.7,1595910280
11179.8,1595910281
11179.65,1595910282
11179.5,1595910282
11179.4,1595910283
11180.0,1595910284
11180.0,1595910285
11180.0,1595910286
11179.85,1595910287
11180.5,1595910288
11179.7,1595910289
11180.35,1595910290
11179.65,1595910291
11180.2,1595910292
11180.05,1595910293
11180.05,1595910294
11180.0,1595910295
11180.45,1595910295
11180.45,1595910296
11181.0,1595910297
11180.5,1595910298
11180.5,1595910299
11181.65,1595910300
11182.55,1595910301
11180.85,1595910302
11180.5,1595910303
11180.5,1595910304
11181.5,1595910305
11180.45,1595910306
11181.0,1595910307
11181.0,1595910307
11181.5,1595910308
11181.0,1595910309
11181.55,1595910310
11181.55,1595910311
11183.5,1595910312
11181.6,1595910313
11183.5,1595910314
11182.95,1595910315
11182.3,1595910316
11183.95,1595910317
11184.95,1595910319
11183.5,1595910320
11184.75,1595910320
11185.95,1595910321
11185.8,1595910322
11185.0,1595910323
11185.0,1595910324
11185.8,1595910325
11185.95,1595910326
11185.45,1595910327
11186.4,1595910328
11186.7,1595910329
11186.7,1595910330
11186.45,1595910331
11185.05,1595910332
11187.0,1595910332
11187.0,1595910333
11187.55,1595910334
11187.5,1595910335
11187.55,1595910336
11187.3,1595910337
11185.05,1595910338
11187.0,1595910339
11186.65,1595910340
11185.5,1595910341
11185.0,1595910342
11185.5,1595910343
11185.25,1595910344
11185.25,1595910345
11185.45,1595910345
11185.6,1595910346
11184.0,1595910347
11185.0,1595910348
11185.0,1595910349
11184.0,1595910350
11183.5,1595910351
11183.5,1595910352
11185.2,1595910353
11184.75,1595910354
11184.0,1595910355
11184.0,1595910356
11183.9,1595910357
11184.6,1595910357
11184.1,1595910358
11184.0,1595910359
11184.0,1595910360
11183.0,1595910361
11183.0,1595910362
11183.0,1595910363
11183.0,1595910364
11183.05,1595910365
11183.05,1595910366
11183.0,1595910367
11183.0,1595910368
11183.0,1595910369
11183.0,1595910370
11183.0,1595910370
11183.2,1595910371
11182.2,1595910372
11182.2,1595910373
11182.0,1595910374
11184.0,1595910375
11181.5,1595910376
11181.3,1595910377
11181.1,1595910378
11181.0,1595910379
11181.0,1595910380
11180.05,1595910382
11180.05,1595910383
11180.05,1595910383
11181.0,1595910384
11182.0,1595910385
11182.0,1595910386
11180.1,1595910387
11181.7,1595910388
11180.2,1595910389
11180.55,1595910390
11180.55,1595910391
11180.55,1595910392
11180.0,1595910393
11180.15,1595910394
11180.2,1595910395
11180.45,1595910395
11180.3,1595910396
11180.2,1595910397
11180.4,1595910398
11180.45,1595910399
11181.0,1595910400
11180.55,1595910401
11180.45,1595910402
11180.45,1595910403
11181.95,1595910404
11181.8,1595910405
11181.3,1595910406
11181.3,1595910407
11181.0,1595910408
11181.0,1595910408
11181.0,1595910409
11181.9,1595910410
11180.5,1595910411
11180.25,1595910412
11180.25,1595910413
11181.0,1595910414
11181.0,1595910415
11181.0,1595910416
11181.0,1595910417
11179.25,1595910418
11180.25,1595910419
11179.95,1595910420
11180.0,1595910420
11180.95,1595910421
11180.0,1595910422
11180.0,1595910423
11180.15,1595910424
11180.05,1595910425
11180.0,1595910426
11180.0,1595910427
11180.0,1595910428
11181.0,1595910429
11180.1,1595910430
11182.0,1595910431
11181.2,1595910432
11182.95,1595910433
11182.95,1595910433
11182.95,1595910434
11182.95,1595910435
11183.15,1595910436
11183.7,1595910437
11182.6,1595910438
11183.25,1595910439
11182.75,1595910440
11184.55,1595910441
11184.55,1595910442
11184.55,1595910443
11183.35,1595910444
11183.0,1595910445
11183.0,1595910445
11181.35,1595910446
11182.45,1595910447
11181.15,1595910448
11181.55,1595910449
11181.45,1595910450
11181.35,1595910451
11181.35,1595910452
11180.0,1595910453
11181.3,1595910454
11181.0,1595910455
11181.7,1595910456
11180.3,1595910457
11180.95,1595910458
11182.25,1595910458
11182.25,1595910459
11180.65,1595910460
11181.65,1595910461
11182.0,1595910462
11180.4,1595910463
11182.6,1595910464
11180.55,1595910465
11182.0,1595910466
11182.65,1595910467
11182.65,1595910468
11183.25,1595910469
11182.05,1595910470
11182.05,1595910471
11182.05,1595910471
11182.0,1595910472
11182.0,1595910473
11183.45,1595910474
11183.45,1595910475
11183.45,1595910476
11182.2,1595910477
11182.2,1595910478
11182.2,1595910479
11182.0,1595910480
11182.0,1595910481
11181.15,1595910482
11181.15,1595910483
11180.1,1595910483
11182.05,1595910484
11181.0,1595910486
11181.0,1595910487
11180.5,1595910488
11180.45,1595910489
11180.45,1595910490
11180.45,1595910491
11180.45,1595910492
11180.5,1595910493
11182.5,1595910494
11182.5,1595910495
11182.5,1595910496
11182.5,1595910496
11182.5,1595910497
11180.5,1595910498
11180.0,1595910499
11180.0,1595910500
11180.0,1595910501
11180.8,1595910502
11180.1,1595910503
11180.1,1595910504
11180.2,1595910505
11180.1,1595910506
11180.15,1595910507
11181.0,1595910508
11181.0,1595910508
11180.15,1595910509
11181.2,1595910510
11181.0,1595910511
11182.7,1595910512
11181.0,1595910513
11180.15,1595910514
11182.85,1595910515
11182.85,1595910516
11182.85,1595910517
11180.7,1595910518
11181.0,1595910519
11181.95,1595910520
11181.0,1595910521
11182.3,1595910521
11180.25,1595910522
11180.2,1595910523
11180.7,1595910524
11182.5,1595910525
11181.95,1595910526
11180.2,1595910527
11181.5,1595910528
11181.5,1595910529
11180.1,1595910530
11181.4,1595910531
11181.4,1595910532
11180.1,1595910533
11180.0,1595910533
11177.7,1595910534
11176.1,1595910535
11177.0,1595910536
11177.0,1595910537
11176.05,1595910538
11176.05,1595910539
11176.4,1595910540
11176.4,1595910541
11178.6,1595910542
11178.6,1595910543
11177.7,1595910544
11177.25,1595910545
11179.4,1595910546
11177.6,1595910546
11177.55,1595910547
11179.45,1595910548
11178.45,1595910549
11179.8,1595910550
11178.45,1595910551
11179.9,1595910552
11179.9,1595910553
11178.55,1595910555
11180.0,1595910556
11178.7,1595910558
11178.6,1595910558
11178.6,1595910559
11180.0,1595910561
11180.0,1595910562
11179.4,1595910563
11179.4,1595910564
11179.4,1595910565
11179.4,1595910566
11179.4,1595910567
11179.4,1595910568
11179.9,1595910569
11179.5,1595910570
11178.45,1595910571
11177.95,1595910571
11177.5,1595910572
11178.0,1595910573
11178.3,1595910574
11176.0,1595910575
11176.0,1595910576
11177.85,1595910577
11177.85,1595910578
11176.0,1595910579
11175.2,1595910581
11175.2,1595910582
11175.2,1595910583
11175.25,1595910584
11175.25,1595910584
11175.25,1595910585
11175.2,1595910586
11175.2,1595910587
11173.05,1595910588
11175.0,1595910589
11174.15,1595910590
11175.15,1595910591
11173.9,1595910592
11174.5,1595910593
11174.2,1595910594
11173.4,1595910595
11174.0,1595910596
11173.35,1595910596
11173.05,1595910597
11174.85,1595910598
11177.0,1595910599
11174.9,1595910600
11174.8,1595910601
11174.45,1595910602
11174.9,1595910603
11176.25,1595910604
11175.7,1595910605
11175.05,1595910606
11175.2,1595910607
11175.2,1595910608
11176.05,1595910609
11176.0,1595910609
11176.0,1595910611
11176.2,1595910612
11176.0,1595910613
11176.2,1595910614
11176.0,1595910615
11176.0,1595910616
11174.85,1595910617
11174.85,1595910618
11174.3,1595910619
11174.9,1595910620
11173.2,1595910621
11173.2,1595910621
11173.0,1595910622
11171.95,1595910623
11170.2,1595910624
11170.35,1595910625
11168.65,1595910626
11170.45,1595910627
11171.55,1595910628
11170.95,1595910629
11172.25,1595910630
11172.05,1595910631
11171.35,1595910632
11171.35,1595910633
11171.65,1595910634
11172.35,1595910634
11172.35,1595910635
11173.05,1595910636
11173.0,1595910637
11173.0,1595910638
11172.5,1595910639
11172.2,1595910640
11173.0,1595910641
11173.0,1595910642
11172.15,1595910643
11172.25,1595910644
11172.1,1595910645
11172.1,1595910646
11171.6,1595910646
11171.4,1595910647
11171.4,1595910648
11171.4,1595910649
11174.0,1595910650
11174.0,1595910651
11174.0,1595910652
11174.0,1595910653
11174.95,1595910654
11174.55,1595910655
11174.25,1595910656
11174.25,1595910657
11175.25,1595910658
11175.25,1595910659
11175.3,1595910659
11176.05,1595910660
11176.05,1595910661
11176.6,1595910662
11177.0,1595910663
11177.9,1595910664
11178.0,1595910665
11176.95,1595910666
11177.25,1595910667
11177.25,1595910668
11177.25,1595910669
11176.65,1595910670
11177.25,1595910671
11176.0,1595910672
11176.95,1595910672
11176.95,1595910673
11176.9,1595910674
11176.6,1595910675
11176.6,1595910676
11176.6,1595910677
11176.4,1595910678
11176.4,1595910679
11176.1,1595910680
11176.1,1595910681
11177.0,1595910682
11178.05,1595910683
11177.9,1595910684
11177.9,1595910684
11177.9,1595910685
11178.05,1595910687
11178.05,1595910688
11178.05,1595910689
11178.05,1595910690
11178.05,1595910691
11178.0,1595910693
11178.0,1595910694
11178.6,1595910695
11178.75,1595910696
11179.0,1595910697
11178.95,1595910697
11179.0,1595910698
11179.0,1595910699
11179.0,1595910700
11179.4,1595910701
11179.4,1595910702
11179.9,1595910703
11179.0,1595910704
11179.9,1595910705
11179.9,1595910706
11179.9,1595910707
11181.05,1595910708
11181.45,1595910709
11181.5,1595910709
11181.8,1595910710
11182.0,1595910711
11182.0,1595910712
11182.0,1595910713
11182.2,1595910714
11182.2,1595910715
11181.0,1595910716
11182.2,1595910717
11182.2,1595910718
11180.35,1595910719
11180.35,1595910720
11182.85,1595910721
11183.0,1595910722
11183.0,1595910722
11183.0,1595910723
11183.0,1595910724
11181.6,1595910725
11181.6,1595910726
11181.6,1595910727
11183.0,1595910728
11181.6,1595910729
11181.6,1595910730
11181.6,1595910731
11182.0,1595910732
11182.0,1595910733
11180.7,1595910734
11180.0,1595910734
11180.0,1595910735
11180.0,1595910736
11179.0,1595910737
11179.75,1595910738
11180.05,1595910739
11180.05,1595910740
11180.05,1595910741
11180.05,1595910742
11179.4,1595910743
11180.0,1595910744
11180.0,1595910745
11180.0,1595910746
11179.5,1595910747
11179.5,1595910747
11180.0,1595910748
11180.2,1595910749
11179.25,1595910750
11179.25,1595910751
11179.25,1595910752
11180.7,1595910753
11179.65,1595910754
11179.1,1595910755
11180.8,1595910756
11180.8,1595910757
11180.8,1595910758
11178.8,1595910759
11178.75,1595910760
11178.75,1595910760
11178.75,1595910761
11179.4,1595910762
11179.95,1595910763
11179.5,1595910764
11179.5,1595910766
11180.0,1595910767
11179.2,1595910768
11180.0,1595910769
11180.0,1595910770
11180.0,1595910771
11178.3,1595910772
11180.0,1595910773
11180.0,1595910775
11180.0,1595910776
11180.0,1595910777
11180.0,1595910778
11180.0,1595910779
11180.0,1595910780
11180.0,1595910781
11179.2,1595910782
11178.7,1595910784
11178.7,1595910785
11179.25,1595910786
11179.25,1595910787
11180.0,1595910788
11179.3,1595910790
11179.3,1595910791
11180.0,1595910793
11179.3,1595910794
11179.3,1595910795
11180.0,1595910796
11180.0,1595910797
11180.0,1595910797
11181.0,1595910798
11180.4,1595910799
11180.4,1595910800
11180.4,1595910801
11181.25,1595910802
11181.0,1595910803
11181.0,1595910804
11181.0,1595910805
11182.0,1595910806
11182.0,1595910807
11183.0,1595910808
11183.5,1595910809
11183.5,1595910810
11184.0,1595910810
11183.5,1595910811
11183.65,1595910812
11183.85,1595910814
11183.85,1595910815
11183.05,1595910816
11183.05,1595910817
11184.0,1595910818
11183.0,1595910819
11184.0,1595910820
11182.25,1595910821
11184.3,1595910822
11183.0,1595910822
11183.95,1595910823
11182.5,1595910824
11184.6,1595910825
11184.7,1595910826
11184.45,1595910827
11182.45,1595910828
11183.7,1595910830
11184.0,1595910831
11182.75,1595910832
11184.5,1595910833
11183.7,1595910834
11184.75,1595910835
11182.55,1595910835
11182.55,1595910836
11182.55,1595910837
11182.25,1595910838
11182.25,1595910839
11182.25,1595910840
11182.25,1595910841
11183.0,1595910842
11182.0,1595910844
11183.45,1595910845
11183.7,1595910846
11183.9,1595910847
11182.0,1595910848
11183.4,1595910848
11182.65,1595910849
11182.0,1595910850
11182.0,1595910851
11182.6,1595910852
11181.0,1595910853
11182.0,1595910854
11181.0,1595910855
11182.95,1595910856
11182.25,1595910857
11182.0,1595910858
11181.5,1595910859
11181.5,1595910860
11182.65,1595910860
11183.1,1595910861
11181.5,1595910862
11181.5,1595910863
11182.0,1595910864
11182.0,1595910865
11181.3,1595910866
11181.5,1595910867
11181.5,1595910869
11181.5,1595910870
11181.5,1595910871
11181.05,1595910872
11181.05,1595910873
11181.0,1595910873
11181.0,1595910874
11178.45,1595910875
11178.45,1595910876
11178.15,1595910877
11180.8,1595910879
11180.8,1595910880
11180.0,1595910881
11180.0,1595910882
11180.0,1595910883
11180.0,1595910884
11180.0,1595910885
11180.0,1595910885
11180.0,1595910886
11180.5,1595910887
11180.5,1595910888
11180.0,1595910889
11180.0,1595910890
11180.0,1595910891
11180.5,1595910892
11180.5,1595910893
11180.55,1595910894
11180.25,1595910895
11180.25,1595910896
11180.25,1595910897
11180.5,1595910898
11181.0,1595910898
11181.05,1595910899
11181.05,1595910900
11181.05,1595910901
11180.35,1595910902
11180.35,1595910903
11181.45,1595910904
11181.45,1595910905
11181.45,1595910907
11180.0,1595910908
11181.3,1595910909
11180.0,1595910910
11181.0,1595910910
11181.0,1595910911
11179.9,1595910912
11177.8,1595910913
11177.8,1595910914
11177.75,1595910915
11179.05,1595910917
11179.05,1595910918
11176.85,1595910919
11176.75,1595910920
11176.45,1595910921
11180.0,1595910923
11179.0,1595910923
11179.0,1595910924
11179.0,1595910925
11179.0,1595910926
11179.0,1595910927
11179.0,1595910928
11179.0,1595910929
11181.0,1595910930
11181.0,1595910931
11180.65,1595910932
11179.55,1595910933
11179.55,1595910934
11179.55,1595910935
11179.55,1595910936
11179.55,1595910936
11178.3,1595910937
11178.3,1595910938
11177.0,1595910939
11175.95,1595910940
11175.2,1595910941
11176.45,1595910942
11176.45,1595910943
11175.75,1595910944
11177.0,1595910945
11175.0,1595910946
11174.05,1595910947
11174.05,1595910948
11174.05,1595910948
11175.95,1595910950
11175.95,1595910951
11175.95,1595910952
11175.95,1595910953
11175.95,1595910954
11174.05,1595910955
11174.05,1595910956
11174.05,1595910957
11176.0,1595910959
11175.2,1595910961
11175.2,1595910961
11175.0,1595910963
11175.0,1595910964
11175.0,1595910965
11175.0,1595910966
11174.7,1595910967
11175.9,1595910968
11175.9,1595910969
11175.0,1595910970
11175.0,1595910971
11175.0,1595910972
11177.0,1595910973
11176.95,1595910973
11176.95,1595910974
11176.95,1595910975
11176.95,1595910976
11176.55,1595910977
11177.95,1595910978
11177.95,1595910979
11177.95,1595910980
11177.95,1595910981
11177.95,1595910982
11177.95,1595910983
11176.05,1595910984
11176.05,1595910985
11176.05,1595910986
11176.05,1595910987
11176.1,1595910988
11176.1,1595910989
11178.0,1595910991
11178.0,1595910992
11178.0,1595910993
11177.2,1595910994
11178.5,1595910996
11178.0,1595910997
11178.0,1595910998
11178.0,1595910999
11178.95,1595911000
11177.55,1595911001
11178.0,1595911002
11178.0,1595911003
11179.2,1595911004
11180.0,1595911005
11180.2,1595911006
11180.45,1595911007
11180.45,1595911008
11180.0,1595911009
11180.0,1595911010
11180.0,1595911011
11178.0,1595911011
11177.9,1595911012
11177.9,1595911013
11177.9,1595911014
11177.9,1595911015
11178.35,1595911016
11178.95,1595911017
11180.5,1595911018
11179.8,1595911019
11180.0,1595911021
11180.0,1595911022
11180.0,1595911023
11179.5,1595911023
11177.7,1595911024
11177.7,1595911025
11177.7,1595911026
11177.7,1595911027
11177.7,1595911028
11177.7,1595911029
11177.35,1595911030
11177.0,1595911031
11177.0,1595911032
11175.25,1595911033
11175.25,1595911034
11175.25,1595911035
11175.1,1595911036
11175.0,1595911036
11173.85,1595911037
11174.85,1595911038
11174.85,1595911039
11174.85,1595911040
11173.55,1595911041
11170.6,1595911042
11170.0,1595911043
11169.95,1595911044
11171.7,1595911045
11172.0,1595911046
11169.45,1595911047
11169.65,1595911048
11168.0,1595911049
11168.4,1595911049
11167.6,1595911050
11168.7,1595911051
11168.55,1595911052
11168.85,1595911053
11168.45,1595911054
11169.85,1595911055
11168.5,1595911056
11168.3,1595911057
11167.45,1595911058
11169.0,1595911059
11169.45,1595911060
11169.5,1595911061
11168.15,1595911061
11167.55,1595911062
11167.8,1595911063
11167.4,1595911064
11169.0,1595911065
11171.95,1595911066
11169.7,1595911067
11172.0,1595911068
11173.7,1595911069
11171.7,1595911071
11170.85,1595911072
11171.5,1595911073
11170.8,1595911074
11173.1,1595911074
11171.5,1595911075
11171.1,1595911076
11170.15,1595911077
11170.25,1595911078
11170.2,1595911079
11170.5,1595911080
11171.5,1595911081
11170.1,1595911082
11170.0,1595911083
11169.5,1595911084
11169.15,1595911085
11170.0,1595911086
11168.65,1595911086
11168.3,1595911087
11170.25,1595911088
11168.7,1595911089
11168.45,1595911090
11168.45,1595911091
11169.9,1595911093
11169.35,1595911094
11169.85,1595911095
11169.25,1595911096
11169.0,1595911097
11169.05,1595911098
11169.4,1595911099
11169.35,1595911099
11170.05,1595911100
11169.15,1595911101
11169.1,1595911102
11169.1,1595911103
11169.1,1595911104
11169.0,1595911105
11168.5,1595911106
11168.0,1595911107
11167.2,1595911108
11168.5,1595911109
11169.05,1595911110
11168.5,1595911111
11169.1,1595911111
11167.45,1595911112
11167.85,1595911113
11167.5,1595911114
11168.5,1595911115
11167.35,1595911116
11167.9,1595911117
11167.85,1595911118
11168.0,1595911119
11167.4,1595911120
11167.6,1595911121
11168.6,1595911122
11170.0,1595911123
11170.5,1595911124
11170.5,1595911124
11170.1,1595911125
11170.95,1595911126
11169.8,1595911127
11168.65,1595911128
11168.65,1595911129
11170.0,1595911130
11168.9,1595911131
11169.35,1595911132
11170.0,1595911133
11169.5,1595911134
11168.5,1595911135
11168.5,1595911136
11168.0,1595911137
11168.0,1595911137
11168.0,1595911138
11168.1,1595911139
11168.3,1595911140
11168.3,1595911141
11168.35,1595911142
11168.1,1595911143
11169.1,1595911144
11168.85,1595911145
11168.55,1595911146
11168.15,1595911147
11167.55,1595911148
11167.55,1595911149
11168.0,1595911149
11167.65,1595911150
11167.65,1595911151
11168.0,1595911152
11168.0,1595911153
11168.2,1595911154
11168.75,1595911155
11168.45,1595911156
11169.0,1595911157
11169.2,1595911158
11169.5,1595911159
11169.3,1595911160
11170.0,1595911161
11170.0,1595911162
11170.0,1595911162
11170.5,1595911164
11171.5,1595911165
11171.5,1595911166
11171.05,1595911167
11171.5,1595911168
11172.0,1595911169
11172.0,1595911170
11172.0,1595911171
11172.85,1595911172
11172.5,1595911173
11172.5,1595911174
11173.0,1595911175
11173.0,1595911176
11173.0,1595911177
11172.0,1595911178
11171.85,1595911179
11172.65,1595911180
11172.65,1595911181
11172.1,1595911182
11171.1,1595911183
11170.55,1595911184
11170.55,1595911185
11171.2,1595911186
11170.35,1595911187
11170.0,1595911187
11169.4,1595911188
11169.95,1595911189
11169.95,1595911190
11169.95,1595911191
11169.95,1595911192
11169.0,1595911193
11169.0,1595911194
11168.6,1595911197
11168.6,1595911198
11168.55,1595911199
11168.25,1595911199
11167.6,1595911200
11167.55,1595911201
11167.35,1595911202
11167.25,1595911203
11167.15,1595911204
11167.1,1595911205
11167.2,1595911206
11167.05,1595911207
11167.15,1595911208
11167.25,1595911209
11166.7,1595911210
11167.0,1595911211
11165.95,1595911212
11165.0,1595911212
11165.15,1595911213
11164.05,1595911214
11163.6,1595911216
11164.25,1595911217
11163.5,1595911218
11163.85,1595911219
11164.6,1595911220
11164.65,1595911221
11164.55,1595911222
11164.8,1595911223
11164.0,1595911224
11164.3,1595911225
11164.1,1595911225
11164.9,1595911226
11165.0,1595911227
11165.25,1595911228
11165.05,1595911229
11165.3,1595911230
11165.4,1595911231
11165.8,1595911232
11165.55,1595911233
11165.0,1595911234
11164.8,1595911235
11164.55,1595911236
11164.45,1595911237
11164.95,1595911237
11164.85,1595911238
11164.65,1595911239
11164.05,1595911240
11165.05,1595911241
11164.5,1595911242
11163.85,1595911243
11163.95,1595911244
11163.95,1595911245
11164.55,1595911246
11164.55,1595911247
11164.85,1595911248
11164.7,1595911249
11164.45,1595911250
11164.45,1595911250
11163.8,1595911251
11163.8,1595911252
11164.0,1595911253
11163.5,1595911254
11163.55,1595911255
11163.0,1595911256
11163.15,1595911257
11163.2,1595911258
11163.35,1595911259
11163.0,1595911260
11162.7,1595911261
11162.8,1595911262
11162.95,1595911262
11163.5,1595911263
11163.05,1595911264
11163.65,1595911265
11164.55,1595911266
11163.85,1595911267
11165.2,1595911268
11165.4,1595911269
11165.75,1595911270
11166.7,1595911271
11166.4,1595911273
11165.65,1595911274
11166.25,1595911275
11166.05,1595911276
11166.25,1595911277
11167.0,1595911278
11165.8,1595911280
11166.45,1595911281
11166.65,1595911282
11166.65,1595911283
11166.65,1595911284
11166.9,1595911285
11167.35,1595911286
11167.35,1595911287
11166.85,1595911287
11166.65,1595911288
11167.75,1595911289
11167.7,1595911291
11167.4,1595911292
11167.85,1595911293
11167.55,1595911294
11167.2,1595911295
11168.15,1595911296
11169.3,1595911297
11169.25,1595911298
11169.0,1595911299
11168.6,1595911300
11169.4,1595911301
11170.0,1595911306
11170.0,1595911307
11169.65,1595911308
11170.0,1595911309
11169.95,1595911310
11170.0,1595911311
11170.0,1595911312
11169.95,1595911313
11169.75,1595911313
11169.95,1595911314
11169.1,1595911315
11169.0,1595911316
11169.0,1595911317
11169.0,1595911318
11169.85,1595911319
11169.8,1595911320
11169.85,1595911321
11169.0,1595911322
11168.5,1595911323
11168.5,1595911324
11168.5,1595911325
11168.5,1595911325
11167.5,1595911326
11166.4,1595911327
11167.85,1595911328
11167.0,1595911329
11167.15,1595911330
11167.15,1595911331
11167.15,1595911332
11168.45,1595911333
11167.05,1595911334
11167.15,1595911335
11167.15,1595911336
11167.0,1595911337
11167.45,1595911338
11167.0,1595911338
11165.75,1595911339
11165.0,1595911340
11165.0,1595911341
11165.0,1595911342
11164.25,1595911343
11164.25,1595911344
11164.25,1595911345
11164.9,1595911346
11164.7,1595911347
11164.7,1595911348
11165.5,1595911349
11166.95,1595911350
11166.7,1595911350
11164.85,1595911351
11164.85,1595911352
11164.85,1595911353
11164.85,1595911354
11164.85,1595911355
11164.1,1595911356
11163.9,1595911357
11164.0,1595911358
11163.8,1595911359
11164.0,1595911360
11163.9,1595911361
11163.3,1595911362
11164.4,1595911363
11164.4,1595911363
11164.1,1595911364
11164.0,1595911365
11164.85,1595911366
11164.25,1595911367
11164.0,1595911368
11165.1,1595911369
11165.5,1595911370
11165.15,1595911371
11165.15,1595911372
11164.6,1595911373
11165.65,1595911374
11164.65,1595911375
11164.35,1595911375
11165.9,1595911376
11165.95,1595911377
11166.35,1595911378
11166.0,1595911379
11166.0,1595911380
11166.1,1595911381
11165.4,1595911382
11165.65,1595911383
11165.8,1595911384
11166.2,1595911385
11167.0,1595911386
11167.3,1595911387
11167.45,1595911388
11167.3,1595911388
11166.65,1595911389
11167.0,1595911390
11166.35,1595911391
11167.2,1595911392
11167.85,1595911393
11167.7,1595911394
11167.8,1595911395
11168.8,1595911396
11168.85,1595911397
11168.55,1595911398
11168.55,1595911399
11168.55,1595911400
11168.9,1595911400
11169.75,1595911401
11168.1,1595911402
11169.0,1595911403
11170.2,1595911404
11172.9,1595911406
11171.25,1595911407
11171.25,1595911408
11171.05,1595911409
11172.8,1595911410
11172.9,1595911411
11171.1,1595911412
11172.1,1595911413
11172.1,1595911413
11171.5,1595911414
11172.15,1595911415
11172.0,1595911416
11172.0,1595911417
11173.0,1595911418
11173.0,1595911419
11171.1,1595911420
11171.0,1595911421
11169.5,1595911422
11169.5,1595911423
11170.95,1595911424
11170.0,1595911425
11170.0,1595911426
11170.0,1595911426
11169.6,1595911427
11169.85,1595911428
11169.75,1595911429
11169.55,1595911430
11168.7,1595911431
11168.7,1595911432
11168.7,1595911433
11168.7,1595911434
11168.3,1595911435
11169.75,1595911436
11169.75,1595911437
11169.05,1595911438
11169.75,1595911438
11168.15,1595911439
11168.0,1595911440
11169.55,1595911441
11168.5,1595911442
11168.5,1595911443
11169.95,1595911444
11169.45,1595911445
11169.45,1595911446
11169.45,1595911447
11169.45,1595911448
11167.25,1595911449
11167.6,1595911450
11167.6,1595911451
11166.05,1595911452
11166.05,1595911453
11166.0,1595911454
11165.25,1595911455
11165.25,1595911456
11165.25,1595911457
11165.5,1595911458
11164.85,1595911459
11164.9,1595911460
11164.65,1595911461
11164.95,1595911462
11164.95,1595911463
11164.95,1595911463
11163.1,1595911464
11163.1,1595911465
11163.0,1595911466
11163.65,1595911467
11164.5,1595911468
11164.1,1595911469
11164.1,1595911470
11163.8,1595911471
11164.15,1595911472
11166.3,1595911473
11166.4,1595911474
11166.4,1595911475
11166.4,1595911476
11165.65,1595911476
11165.55,1595911477
11164.95,1595911478
11165.5,1595911479
11164.95,1595911480
11164.75,1595911481
11164.05,1595911482
11163.9,1595911483
11164.2,1595911484
11164.15,1595911485
11164.15,1595911486
11163.8,1595911487
11163.6,1595911488
11164.05,1595911490
11164.3,1595911491
11164.35,1595911492
11163.8,1595911493
11163.85,1595911494
11164.0,1595911495
11164.0,1595911496
11164.0,1595911497
11163.7,1595911498
11163.7,1595911499
11163.55,1595911500
11163.0,1595911501
11164.1,1595911501
11164.1,1595911502
11164.25,1595911503
11163.8,1595911504
11163.9,1595911505
11163.7,1595911506
11163.75,1595911508
11163.5,1595911509
11163.4,1595911510
11163.25,1595911511
11163.05,1595911512
11161.6,1595911513
11160.9,1595911514
11161.3,1595911514
11161.2,1595911515
11156.15,1595911516
11155.55,1595911517
11153.5,1595911518
11154.15,1595911519
11156.5,1595911520
11156.25,1595911521
11156.85,1595911522
11156.45,1595911523
11159.7,1595911524
11159.7,1595911525
11159.4,1595911526
11157.65,1595911526
11158.5,1595911527
11157.55,1595911528
11157.4,1595911529
11158.0,1595911530
11158.35,1595911531
11158.0,1595911532
11156.85,1595911533
11156.65,1595911534
11155.55,1595911535
11156.1,1595911537
11156.15,1595911538
11155.4,1595911539
11154.35,1595911539
11154.2,1595911540
11155.5,1595911542
11155.4,1595911543
11156.45,1595911544
11156.0,1595911545
11155.75,1595911546
11156.1,1595911547
11155.25,1595911548
11155.05,1595911549
11155.95,1595911550
11155.35,1595911551
11155.55,1595911551
11155.3,1595911552
11155.2,1595911553
11155.7,1595911554
11155.55,1595911555
11155.15,1595911556
11155.0,1595911557
11154.2,1595911558
11154.5,1595911559
11154.25,1595911560
11154.1,1595911561
11152.4,1595911562
11152.9,1595911563
11154.0,1595911564
11154.25,1595911564
11157.0,1595911565
11156.75,1595911566
11155.5,1595911567
11155.15,1595911568
11156.45,1595911569
11155.95,1595911570
11155.95,1595911571
11155.85,1595911572
11156.05,1595911573
11156.5,1595911574
11156.8,1595911575
11157.15,1595911576
11157.7,1595911576
11158.1,1595911577
11158.55,1595911578
11158.5,1595911579
11158.0,1595911581
11157.6,1595911582
11157.45,1595911583
11157.85,1595911584
11158.5,1595911585
11159.1,1595911586
11159.1,1595911587
11158.6,1595911588
11159.85,1595911589
11160.0,1595911589
11159.95,1595911590
11159.95,1595911591
11159.95,1595911592
11160.0,1595911593
11159.85,1595911594
11159.8,1595911595
11159.85,1595911596
11159.65,1595911597
11159.95,1595911598
11159.85,1595911599
11160.2,1595911600
11160.0,1595911601
11160.1,1595911602
11159.7,1595911602
11159.9,1595911603
11160.55,1595911604
11160.7,1595911605
11161.25,1595911606
11161.65,1595911607
11162.75,1595911608
11162.8,1595911609
11163.25,1595911610
11162.95,1595911611
11163.3,1595911612
11163.0,1595911613
11163.6,1595911614
11162.65,1595911614
11162.95,1595911615
11162.4,1595911616
11162.95,1595911617
11162.05,1595911618
11161.4,1595911619
11161.2,1595911620
11162.0,1595911621
11162.0,1595911622
11162.0,1595911623
11160.8,1595911624
11161.3,1595911625
11160.5,1595911626
11160.7,1595911627
11161.1,1595911627
11159.35,1595911628
11159.75,1595911629
11159.6,1595911630
11159.6,1595911631
11159.6,1595911632
11159.0,1595911633
11159.0,1595911634
11158.8,1595911635
11158.2,1595911636
11158.1,1595911637
11157.95,1595911638
11157.1,1595911639
11157.5,1595911639
11156.75,1595911640
11156.7,1595911641
11157.5,1595911642
11157.4,1595911643
11157.05,1595911644
11157.2,1595911645
11156.6,1595911646
11156.95,1595911647
11156.8,1595911648
11157.45,1595911649
11157.25,1595911650
11156.95,1595911651
11157.0,1595911652
11156.95,1595911652
11156.75,1595911653
11156.15,1595911654
11155.8,1595911655
11155.65,1595911656
11155.2,1595911657
11155.5,1595911658
11155.5,1595911659
11155.75,1595911660
11155.4,1595911661
11156.6,1595911662
11156.75,1595911663
11156.5,1595911664
11156.35,1595911664
11156.25,1595911665
11156.35,1595911666
11156.3,1595911667
11156.35,1595911668
11156.05,1595911669
11156.05,1595911670
11159.5,1595911671
11159.8,1595911672
11159.85,1595911673
11158.95,1595911674
11157.75,1595911675
11157.05,1595911676
11156.55,1595911677
11156.45,1595911677
11156.2,1595911678
11158.3,1595911679
11158.4,1595911681
11158.55,1595911682
11157.0,1595911683
11156.9,1595911684
11155.85,1595911685
11155.4,1595911686
11155.0,1595911687
11153.15,1595911688
11153.1,1595911689
11153.7,1595911690
11154.3,1595911690
11154.95,1595911691
11156.8,1595911692
11158.7,1595911693
11160.0,1595911694
11160.0,1595911695
11159.95,1595911696
11159.35,1595911697
11156.95,1595911698
11157.35,1595911699
11157.6,1595911700
11156.0,1595911701
11154.9,1595911702
11154.7,1595911702
11154.2,1595911703
11154.6,1595911704
11154.85,1595911705
11155.7,1595911706
11155.85,1595911707
11155.95,1595911708
11155.15,1595911709
11155.15,1595911710
11156.5,1595911711
11156.65,1595911712
11156.65,1595911713
11156.1,1595911714
11155.95,1595911715
11156.0,1595911715
11156.35,1595911716
11156.35,1595911717
11157.65,1595911718
11160.0,1595911719
11159.8,1595911720
11159.8,1595911721
11159.8,1595911722
11159.8,1595911723
11159.0,1595911724
11158.75,1595911725
11157.65,1595911726
11158.3,1595911727
11158.3,1595911727
11159.15,1595911728
11158.5,1595911729
11158.5,1595911730
11159.0,1595911731
11160.65,1595911732
11160.65,1595911733
11161.0,1595911735
11160.6,1595911737
11161.1,1595911738
11162.9,1595911739
11163.0,1595911740
11163.0,1595911740
11162.0,1595911741
11162.95,1595911742
11162.95,1595911743
11162.8,1595911744
11161.65,1595911745
11163.0,1595911746
11162.05,1595911747
11163.0,1595911748
11163.0,1595911749
11163.0,1595911750
11163.05,1595911751
11163.05,1595911752
11164.55,1595911752
11164.55,1595911753
11163.0,1595911754
11164.0,1595911755
11164.0,1595911756
11162.15,1595911757
11163.85,1595911758
11163.0,1595911759
11164.0,1595911760
11164.5,1595911761
11163.0,1595911762
11163.0,1595911763
11164.0,1595911764
11163.65,1595911765
11162.55,1595911765
11163.75,1595911766
11163.75,1595911767
11163.85,1595911768
11163.0,1595911769
11164.05,1595911770
11162.75,1595911771
11163.0,1595911772
11164.75,1595911773
11163.0,1595911774
11163.0,1595911775
11164.0,1595911776
11164.5,1595911777
11164.5,1595911777
11163.35,1595911778
11164.1,1595911779
11164.35,1595911780
11164.35,1595911781
